[{"model": "admin.logentry", "pk": 1, "fields": {"action_time": "2020-11-30T08:02:36.551Z", "user": 1, "content_type": 4, "object_id": "2", "object_repr": "Driver", "action_flag": 1, "change_message": "[{\"added\": {}}, {\"added\": {\"name\": \"employee\", \"object\": \"Marek Barek - DR\"}}]"}}, {"model": "admin.logentry", "pk": 2, "fields": {"action_time": "2020-11-30T09:52:32.044Z", "user": 1, "content_type": 4, "object_id": "3", "object_repr": "Driver2Jan", "action_flag": 1, "change_message": "[{\"added\": {}}, {\"added\": {\"name\": \"employee\", \"object\": \"Jan Gabka - DR\"}}]"}}, {"model": "admin.logentry", "pk": 3, "fields": {"action_time": "2020-11-30T09:54:22.896Z", "user": 1, "content_type": 4, "object_id": "4", "object_repr": "Driver3Stefan", "action_flag": 1, "change_message": "[{\"added\": {}}, {\"added\": {\"name\": \"employee\", \"object\": \"Stefan Batory - DR\"}}]"}}, {"model": "admin.logentry", "pk": 4, "fields": {"action_time": "2020-11-30T09:56:20.200Z", "user": 1, "content_type": 4, "object_id": "5", "object_repr": "Driver4Darek", "action_flag": 1, "change_message": "[{\"added\": {}}, {\"added\": {\"name\": \"employee\", \"object\": \"Darek Zmarek - DR\"}}]"}}, {"model": "admin.logentry", "pk": 5, "fields": {"action_time": "2020-11-30T09:58:17.993Z", "user": 1, "content_type": 4, "object_id": "6", "object_repr": "Buiro1Ala", "action_flag": 1, "change_message": "[{\"added\": {}}, {\"added\": {\"name\": \"employee\", \"object\": \"Alicja Makocka - AD\"}}]"}}, {"model": "admin.logentry", "pk": 6, "fields": {"action_time": "2020-11-30T09:59:42.926Z", "user": 1, "content_type": 4, "object_id": "7", "object_repr": "Biuro2Basia", "action_flag": 1, "change_message": "[{\"added\": {}}, {\"added\": {\"name\": \"employee\", \"object\": \"Barbara Jadwiga - AD\"}}]"}}, {"model": "admin.logentry", "pk": 7, "fields": {"action_time": "2020-11-30T10:00:56.209Z", "user": 1, "content_type": 4, "object_id": "8", "object_repr": "Biuro3Jan", "action_flag": 1, "change_message": "[{\"added\": {}}, {\"added\": {\"name\": \"employee\", \"object\": \"Jan Sobieski - AD\"}}]"}}, {"model": "admin.logentry", "pk": 8, "fields": {"action_time": "2020-11-30T10:14:45.266Z", "user": 1, "content_type": 3, "object_id": "1", "object_repr": "Drivers", "action_flag": 1, "change_message": "[{\"added\": {}}]"}}, {"model": "admin.logentry", "pk": 9, "fields": {"action_time": "2020-11-30T10:16:25.259Z", "user": 1, "content_type": 3, "object_id": "2", "object_repr": "Administration", "action_flag": 1, "change_message": "[{\"added\": {}}]"}}, {"model": "admin.logentry", "pk": 10, "fields": {"action_time": "2020-11-30T10:16:42.550Z", "user": 1, "content_type": 4, "object_id": "7", "object_repr": "Biuro2Basia", "action_flag": 2, "change_message": "[{\"changed\": {\"fields\": [\"Groups\"]}}]"}}, {"model": "admin.logentry", "pk": 11, "fields": {"action_time": "2020-11-30T10:16:50.522Z", "user": 1, "content_type": 4, "object_id": "8", "object_repr": "Biuro3Jan", "action_flag": 2, "change_message": "[{\"changed\": {\"fields\": [\"Groups\"]}}]"}}, {"model": "admin.logentry", "pk": 12, "fields": {"action_time": "2020-11-30T10:17:41.572Z", "user": 1, "content_type": 4, "object_id": "7", "object_repr": "Biuro2Basia", "action_flag": 2, "change_message": "[{\"changed\": {\"fields\": [\"Staff status\"]}}]"}}, {"model": "admin.logentry", "pk": 13, "fields": {"action_time": "2020-11-30T10:17:49.813Z", "user": 1, "content_type": 4, "object_id": "8", "object_repr": "Biuro3Jan", "action_flag": 2, "change_message": "[{\"changed\": {\"fields\": [\"Staff status\"]}}]"}}, {"model": "admin.logentry", "pk": 14, "fields": {"action_time": "2020-11-30T10:17:59.462Z", "user": 1, "content_type": 4, "object_id": "6", "object_repr": "Buiro1Ala", "action_flag": 2, "change_message": "[{\"changed\": {\"fields\": [\"Staff status\", \"Groups\"]}}]"}}, {"model": "admin.logentry", "pk": 15, "fields": {"action_time": "2020-11-30T10:18:24.677Z", "user": 1, "content_type": 4, "object_id": "3", "object_repr": "Driver2Jan", "action_flag": 2, "change_message": "[{\"changed\": {\"fields\": [\"Groups\"]}}]"}}, {"model": "admin.logentry", "pk": 16, "fields": {"action_time": "2020-11-30T10:18:31.974Z", "user": 1, "content_type": 4, "object_id": "4", "object_repr": "Driver3Stefan", "action_flag": 2, "change_message": "[{\"changed\": {\"fields\": [\"Groups\"]}}]"}}, {"model": "admin.logentry", "pk": 17, "fields": {"action_time": "2020-11-30T10:18:44.115Z", "user": 1, "content_type": 4, "object_id": "5", "object_repr": "Driver4Darek", "action_flag": 2, "change_message": "[{\"changed\": {\"fields\": [\"Groups\"]}}]"}}, {"model": "auth.permission", "pk": 1, "fields": {"name": "Can add log entry", "content_type": 1, "codename": "add_logentry"}}, {"model": "auth.permission", "pk": 2, "fields": {"name": "Can change log entry", "content_type": 1, "codename": "change_logentry"}}, {"model": "auth.permission", "pk": 3, "fields": {"name": "Can delete log entry", "content_type": 1, "codename": "delete_logentry"}}, {"model": "auth.permission", "pk": 4, "fields": {"name": "Can view log entry", "content_type": 1, "codename": "view_logentry"}}, {"model": "auth.permission", "pk": 5, "fields": {"name": "Can add permission", "content_type": 2, "codename": "add_permission"}}, {"model": "auth.permission", "pk": 6, "fields": {"name": "Can change permission", "content_type": 2, "codename": "change_permission"}}, {"model": "auth.permission", "pk": 7, "fields": {"name": "Can delete permission", "content_type": 2, "codename": "delete_permission"}}, {"model": "auth.permission", "pk": 8, "fields": {"name": "Can view permission", "content_type": 2, "codename": "view_permission"}}, {"model": "auth.permission", "pk": 9, "fields": {"name": "Can add group", "content_type": 3, "codename": "add_group"}}, {"model": "auth.permission", "pk": 10, "fields": {"name": "Can change group", "content_type": 3, "codename": "change_group"}}, {"model": "auth.permission", "pk": 11, "fields": {"name": "Can delete group", "content_type": 3, "codename": "delete_group"}}, {"model": "auth.permission", "pk": 12, "fields": {"name": "Can view group", "content_type": 3, "codename": "view_group"}}, {"model": "auth.permission", "pk": 13, "fields": {"name": "Can add user", "content_type": 4, "codename": "add_user"}}, {"model": "auth.permission", "pk": 14, "fields": {"name": "Can change user", "content_type": 4, "codename": "change_user"}}, {"model": "auth.permission", "pk": 15, "fields": {"name": "Can delete user", "content_type": 4, "codename": "delete_user"}}, {"model": "auth.permission", "pk": 16, "fields": {"name": "Can view user", "content_type": 4, "codename": "view_user"}}, {"model": "auth.permission", "pk": 17, "fields": {"name": "Can add content type", "content_type": 5, "codename": "add_contenttype"}}, {"model": "auth.permission", "pk": 18, "fields": {"name": "Can change content type", "content_type": 5, "codename": "change_contenttype"}}, {"model": "auth.permission", "pk": 19, "fields": {"name": "Can delete content type", "content_type": 5, "codename": "delete_contenttype"}}, {"model": "auth.permission", "pk": 20, "fields": {"name": "Can view content type", "content_type": 5, "codename": "view_contenttype"}}, {"model": "auth.permission", "pk": 21, "fields": {"name": "Can add session", "content_type": 6, "codename": "add_session"}}, {"model": "auth.permission", "pk": 22, "fields": {"name": "Can change session", "content_type": 6, "codename": "change_session"}}, {"model": "auth.permission", "pk": 23, "fields": {"name": "Can delete session", "content_type": 6, "codename": "delete_session"}}, {"model": "auth.permission", "pk": 24, "fields": {"name": "Can view session", "content_type": 6, "codename": "view_session"}}, {"model": "auth.permission", "pk": 25, "fields": {"name": "Can add customer", "content_type": 7, "codename": "add_customer"}}, {"model": "auth.permission", "pk": 26, "fields": {"name": "Can change customer", "content_type": 7, "codename": "change_customer"}}, {"model": "auth.permission", "pk": 27, "fields": {"name": "Can delete customer", "content_type": 7, "codename": "delete_customer"}}, {"model": "auth.permission", "pk": 28, "fields": {"name": "Can view customer", "content_type": 7, "codename": "view_customer"}}, {"model": "auth.permission", "pk": 29, "fields": {"name": "Can add employee", "content_type": 8, "codename": "add_employee"}}, {"model": "auth.permission", "pk": 30, "fields": {"name": "Can change employee", "content_type": 8, "codename": "change_employee"}}, {"model": "auth.permission", "pk": 31, "fields": {"name": "Can delete employee", "content_type": 8, "codename": "delete_employee"}}, {"model": "auth.permission", "pk": 32, "fields": {"name": "Can view employee", "content_type": 8, "codename": "view_employee"}}, {"model": "auth.permission", "pk": 33, "fields": {"name": "Can add truck", "content_type": 9, "codename": "add_truck"}}, {"model": "auth.permission", "pk": 34, "fields": {"name": "Can change truck", "content_type": 9, "codename": "change_truck"}}, {"model": "auth.permission", "pk": 35, "fields": {"name": "Can delete truck", "content_type": 9, "codename": "delete_truck"}}, {"model": "auth.permission", "pk": 36, "fields": {"name": "Can view truck", "content_type": 9, "codename": "view_truck"}}, {"model": "auth.permission", "pk": 37, "fields": {"name": "Can add post", "content_type": 10, "codename": "add_post"}}, {"model": "auth.permission", "pk": 38, "fields": {"name": "Can change post", "content_type": 10, "codename": "change_post"}}, {"model": "auth.permission", "pk": 39, "fields": {"name": "Can delete post", "content_type": 10, "codename": "delete_post"}}, {"model": "auth.permission", "pk": 40, "fields": {"name": "Can view post", "content_type": 10, "codename": "view_post"}}, {"model": "auth.permission", "pk": 41, "fields": {"name": "Can add order", "content_type": 11, "codename": "add_order"}}, {"model": "auth.permission", "pk": 42, "fields": {"name": "Can change order", "content_type": 11, "codename": "change_order"}}, {"model": "auth.permission", "pk": 43, "fields": {"name": "Can delete order", "content_type": 11, "codename": "delete_order"}}, {"model": "auth.permission", "pk": 44, "fields": {"name": "Can view order", "content_type": 11, "codename": "view_order"}}, {"model": "auth.permission", "pk": 45, "fields": {"name": "Can add daily route", "content_type": 12, "codename": "add_dailyroute"}}, {"model": "auth.permission", "pk": 46, "fields": {"name": "Can change daily route", "content_type": 12, "codename": "change_dailyroute"}}, {"model": "auth.permission", "pk": 47, "fields": {"name": "Can delete daily route", "content_type": 12, "codename": "delete_dailyroute"}}, {"model": "auth.permission", "pk": 48, "fields": {"name": "Can view daily route", "content_type": 12, "codename": "view_dailyroute"}}, {"model": "auth.group", "pk": 1, "fields": {"name": "Drivers", "permissions": [28, 45, 46, 48, 44, 37, 38, 40, 34, 36]}}, {"model": "auth.group", "pk": 2, "fields": {"name": "Administration", "permissions": [9, 11, 13, 14, 15, 16, 17, 18, 19, 20, 25, 26, 27, 28, 45, 46, 47, 48, 29, 30, 31, 32, 41, 42, 43, 44, 37, 38, 39, 40, 33, 34, 35, 36]}}, {"model": "auth.user", "pk": 1, "fields": {"password": "pbkdf2_sha256$216000$WNhIQd3HLkMS$lqFhd/fcak99EbOnjdDwbPr6ljPZ48W0K0KDwQPbBUY=", "last_login": "2020-11-30T14:26:44.644Z", "is_superuser": true, "username": "admin", "first_name": "", "last_name": "", "email": "pomaranski.piotr@gmail.com", "is_staff": true, "is_active": true, "date_joined": "2020-11-30T08:01:24.412Z", "groups": [], "user_permissions": []}}, {"model": "auth.user", "pk": 2, "fields": {"password": "pbkdf2_sha256$216000$Q87oY2DBGEkC$Xb0vXSREWQyo6mO8JRuL04cEAd0G/ZjQeBECcRpaGL4=", "last_login": null, "is_superuser": false, "username": "Driver", "first_name": "", "last_name": "", "email": "", "is_staff": false, "is_active": true, "date_joined": "2020-11-30T08:02:36.382Z", "groups": [], "user_permissions": []}}, {"model": "auth.user", "pk": 3, "fields": {"password": "pbkdf2_sha256$216000$1AXoW4yTHGsP$dw10nePKuxQhQ/tQkop10AaieV0BDBMhoh5A9y8Kls0=", "last_login": "2020-11-30T12:35:11.560Z", "is_superuser": false, "username": "Driver2Jan", "first_name": "", "last_name": "", "email": "", "is_staff": false, "is_active": true, "date_joined": "2020-11-30T09:52:31Z", "groups": [1], "user_permissions": []}}, {"model": "auth.user", "pk": 4, "fields": {"password": "pbkdf2_sha256$216000$m38GwBGNeFvO$duJGWXN25czLWcURUnAt1vzwaq6NvBo23NNu21CX1Es=", "last_login": "2020-11-30T10:23:42.349Z", "is_superuser": false, "username": "Driver3Stefan", "first_name": "", "last_name": "", "email": "", "is_staff": false, "is_active": true, "date_joined": "2020-11-30T09:54:22Z", "groups": [1], "user_permissions": []}}, {"model": "auth.user", "pk": 5, "fields": {"password": "pbkdf2_sha256$216000$fGbVADapai9x$bQFySgaKmfcxqcwlt5w7Qa87q1Yi4AY6Oi+9li9da0g=", "last_login": null, "is_superuser": false, "username": "Driver4Darek", "first_name": "", "last_name": "", "email": "", "is_staff": false, "is_active": true, "date_joined": "2020-11-30T09:56:20Z", "groups": [1], "user_permissions": []}}, {"model": "auth.user", "pk": 6, "fields": {"password": "pbkdf2_sha256$216000$ZVGtKZ3F6s2F$OzEjbaz0iYWLgpegFZp348qyIQ0XdOEceXFnhxs4p+0=", "last_login": null, "is_superuser": false, "username": "Buiro1Ala", "first_name": "", "last_name": "", "email": "", "is_staff": true, "is_active": true, "date_joined": "2020-11-30T09:58:17Z", "groups": [2], "user_permissions": []}}, {"model": "auth.user", "pk": 7, "fields": {"password": "pbkdf2_sha256$216000$u0yvwckjy3Vp$NKpXz+DxTE7/OaYtg7xaGp+T+DaQAptAXk9kUQgkWWI=", "last_login": "2020-11-30T11:00:47.527Z", "is_superuser": false, "username": "Biuro2Basia", "first_name": "", "last_name": "", "email": "", "is_staff": true, "is_active": true, "date_joined": "2020-11-30T09:59:42Z", "groups": [2], "user_permissions": []}}, {"model": "auth.user", "pk": 8, "fields": {"password": "pbkdf2_sha256$216000$rqGaGZVmYqca$bb0TmaEKvEBNLwkJoVd4aLiM+fvTQYILNZGEJvXJztg=", "last_login": null, "is_superuser": false, "username": "Biuro3Jan", "first_name": "", "last_name": "", "email": "", "is_staff": true, "is_active": true, "date_joined": "2020-11-30T10:00:56Z", "groups": [2], "user_permissions": []}}, {"model": "auth.user", "pk": 9, "fields": {"password": "pbkdf2_sha256$216000$hJroFuBQKsI0$nozvDnSyvCR+cDkkf+jV9GNvY4FbiVIwoRmbsDHiUhI=", "last_login": null, "is_superuser": false, "username": "Driver5Mieszko", "first_name": "", "last_name": "", "email": "", "is_staff": false, "is_active": true, "date_joined": "2020-11-30T14:38:02.057Z", "groups": [], "user_permissions": []}}, {"model": "contenttypes.contenttype", "pk": 1, "fields": {"app_label": "admin", "model": "logentry"}}, {"model": "contenttypes.contenttype", "pk": 2, "fields": {"app_label": "auth", "model": "permission"}}, {"model": "contenttypes.contenttype", "pk": 3, "fields": {"app_label": "auth", "model": "group"}}, {"model": "contenttypes.contenttype", "pk": 4, "fields": {"app_label": "auth", "model": "user"}}, {"model": "contenttypes.contenttype", "pk": 5, "fields": {"app_label": "contenttypes", "model": "contenttype"}}, {"model": "contenttypes.contenttype", "pk": 6, "fields": {"app_label": "sessions", "model": "session"}}, {"model": "contenttypes.contenttype", "pk": 7, "fields": {"app_label": "core", "model": "customer"}}, {"model": "contenttypes.contenttype", "pk": 8, "fields": {"app_label": "core", "model": "employee"}}, {"model": "contenttypes.contenttype", "pk": 9, "fields": {"app_label": "core", "model": "truck"}}, {"model": "contenttypes.contenttype", "pk": 10, "fields": {"app_label": "core", "model": "post"}}, {"model": "contenttypes.contenttype", "pk": 11, "fields": {"app_label": "core", "model": "order"}}, {"model": "contenttypes.contenttype", "pk": 12, "fields": {"app_label": "core", "model": "dailyroute"}}, {"model": "sessions.session", "pk": "1v9vgcazwvl6seqzw4bq6gxg0k035pks", "fields": {"session_data": ".eJxVjEEOwiAQRe_C2hAowoBL956BDDOjrRpISrsy3l2bdKHb_977L5VxXca8dpnzxOqkrDr8bgXpIXUDfMd6a5paXeap6E3RO-360lie5939Oxixj986WmDvDUoIXASDUCwRJELyAMTeUhLHwaE1IfkryXHwgmYwgwNLENT7A-x6N7I:1kjk8a:C6-wIonM0nGW-9CukpGBJDMvAM8zH8cxQsA_Luq26Bo", "expire_date": "2020-12-14T14:26:44.650Z"}}, {"model": "core.customer", "pk": 1, "fields": {"company_name": "None - empty", "phone": "", "email": "", "NIP": "000000000", "billing_address": ""}}, {"model": "core.customer", "pk": 2, "fields": {"company_name": "Fueling Eagle", "phone": "635428653", "email": "office@fu.com", "NIP": "3735284754", "billing_address": "4431636367132378\r\nul. Krotka 1 27-122 Opole Lubelskie"}}, {"model": "core.customer", "pk": 3, "fields": {"company_name": "Smyk", "phone": "739825467", "email": "office@smyk.com", "NIP": "38653247684", "billing_address": "3563514178461\r\nul. Trzepoczca 5 24-512 Rzeszow"}}, {"model": "core.customer", "pk": 4, "fields": {"company_name": "PBI Construct", "phone": "343667009", "email": "office@pbic.com", "NIP": "2634345672", "billing_address": "464517846176\r\nul. Szyszkowa 6 00-951 Warszawa"}}, {"model": "core.customer", "pk": 5, "fields": {"company_name": "Terrace & Fence", "phone": "536425364", "email": "offfice@tnf.com", "NIP": "6543785436", "billing_address": "627461246718\r\nul. Blotnista 52 36-540 Taplary"}}, {"model": "core.customer", "pk": 6, "fields": {"company_name": "Avangers", "phone": "555888777", "email": "avanger@stark.co", "NIP": "999888777444", "billing_address": "New York Stark Industries\r\n55-55-66 Manhattan"}}, {"model": "core.truck", "pk": 1, "fields": {"model_name": "None", "production_date": "2020-11-25", "company_registration_date": "2020-11-25", "vin": "01", "reg_number": "01", "availability": "N", "odometer": 0, "service_interval": 0, "type": "LOR", "max_load": 0, "description": "", "photo": ""}}, {"model": "core.truck", "pk": 2, "fields": {"model_name": "Mercedes Actros 1848", "production_date": "2001-01-29", "company_registration_date": "2009-06-02", "vin": "HTYU32TH35D3545554", "reg_number": "WA23454", "availability": "Y", "odometer": 2500000, "service_interval": 6, "type": "TRA", "max_load": 25, "description": "Pretty nice tractor.", "photo": "trucks/tru4_da5UAtX.jpg"}}, {"model": "core.truck", "pk": 3, "fields": {"model_name": "Volvo FL6", "production_date": "2018-10-01", "company_registration_date": "2019-02-22", "vin": "GLDK43JD58J2738494", "reg_number": "WA23528", "availability": "Y", "odometer": 740000, "service_interval": 12, "type": "CIS", "max_load": 15, "description": "Our most valuable truck.", "photo": "trucks/tru3.jpg"}}, {"model": "core.truck", "pk": 4, "fields": {"model_name": "Scania G360", "production_date": "2012-04-14", "company_registration_date": "2016-10-09", "vin": "LSKS46GG35K365286", "reg_number": "WA35651", "availability": "Y", "odometer": 379000, "service_interval": 9, "type": "CON", "max_load": 18, "description": "Very big container.", "photo": "trucks/tru2.jpg"}}, {"model": "core.truck", "pk": 5, "fields": {"model_name": "Iveco Stralis 460", "production_date": "1999-02-14", "company_registration_date": "2007-01-19", "vin": "DJKS45KD45I253736", "reg_number": "WA27683", "availability": "Y", "odometer": 490000, "service_interval": 6, "type": "CON", "max_load": 18, "description": "Older than expected.", "photo": "trucks/tru1.jpg"}}, {"model": "core.truck", "pk": 6, "fields": {"model_name": "Lambo", "production_date": "2018-11-25", "company_registration_date": "2020-11-25", "vin": "351843106178", "reg_number": "LL34526", "availability": "Y", "odometer": 46, "service_interval": 3, "type": "TRA", "max_load": 50, "description": "Lambo, oh yea!", "photo": "trucks/251b709582eca592ae0a65a2d1e9a57a716f88f3.png"}}, {"model": "core.truck", "pk": 7, "fields": {"model_name": "Otto von Truck", "production_date": "2016-11-25", "company_registration_date": "2018-11-25", "vin": "351843106178", "reg_number": "AA 345667", "availability": "Y", "odometer": 324324, "service_interval": 412412, "type": "LOR", "max_load": 23, "description": "super truck", "photo": "trucks/4bbfdbef7b3d17066ace38d924a7b84cbf831aad.jpg"}}, {"model": "core.truck", "pk": 8, "fields": {"model_name": "Aston von Truck", "production_date": "2020-11-25", "company_registration_date": "2020-11-25", "vin": "32165484984613023645", "reg_number": "AA 123456", "availability": "Y", "odometer": 123, "service_interval": 12, "type": "CON", "max_load": 2, "description": "Micro truck", "photo": "truck.jpg"}}, {"model": "core.order", "pk": 1, "fields": {"order_date": "2020-11-25", "route_type": "KM", "load_type": "MS", "status": "CL", "customer": 1, "truck": [1]}}, {"model": "core.order", "pk": 2, "fields": {"order_date": "2020-11-18", "route_type": "KM", "load_type": "CO", "status": "OP", "customer": 3, "truck": [7]}}, {"model": "core.order", "pk": 3, "fields": {"order_date": "2020-10-27", "route_type": "TN", "load_type": "MS", "status": "CL", "customer": 5, "truck": [3]}}, {"model": "core.order", "pk": 4, "fields": {"order_date": "2020-11-12", "route_type": "KM", "load_type": "CO", "status": "CL", "customer": 2, "truck": [2]}}, {"model": "core.order", "pk": 5, "fields": {"order_date": "2020-09-01", "route_type": "TN", "load_type": "MS", "status": "CL", "customer": 4, "truck": [4]}}, {"model": "core.employee", "pk": 1, "fields": {"user": 2, "name": "A", "surname": "Anonymous", "phone": "", "email": "", "role": "DR", "salary": "0.00", "birth_date": "2020-11-25", "address": "", "availability": "N", "qualifications": "", "photo": ""}}, {"model": "core.employee", "pk": 2, "fields": {"user": 3, "name": "Jan", "surname": "Gabka", "phone": "+47888555222", "email": "janek@gabczasty.pl", "role": "DR", "salary": "4445.99", "birth_date": "2020-11-30", "address": "Helenowska 9/16", "availability": "Y", "qualifications": "C D A T", "photo": "employees/5b2990965880a6e96819b393d26ec8057ff81615.jpg"}}, {"model": "core.employee", "pk": 3, "fields": {"user": 4, "name": "Stefan", "surname": "Batory", "phone": "+48555222333", "email": "stefan@batory.pl", "role": "DR", "salary": "33455.00", "birth_date": "1900-11-30", "address": "Czajkowskiego 12", "availability": "Y", "qualifications": "ATBC", "photo": "employees/a92ace85e8e9895be38e2bf77934af1e764e339d.jpg"}}, {"model": "core.employee", "pk": 4, "fields": {"user": 5, "name": "Darek", "surname": "Zmarek", "phone": "+4899556633", "email": "darek@marki.pl", "role": "DR", "salary": "2233.00", "birth_date": "1987-11-30", "address": "Marki pod Warszawa", "availability": "Y", "qualifications": "C D T", "photo": "employees/9b1689da8e908dc127706456d04391d8add50aab.jpg"}}, {"model": "core.employee", "pk": 5, "fields": {"user": 6, "name": "Alicja", "surname": "Makocka", "phone": "+4784546556", "email": "ala@kota.pl", "role": "AD", "salary": "23441.00", "birth_date": "2020-11-30", "address": "Po³udniowa 34/b1", "availability": "Y", "qualifications": "asdd", "photo": "employees/816dcf19059dd6ce5c3a6530d8c6ae13b96e4849.jpg"}}, {"model": "core.employee", "pk": 6, "fields": {"user": 7, "name": "Barbara", "surname": "Jadwiga", "phone": "+444555666", "email": "JAdwiga@Barbara.pl", "role": "AD", "salary": "6655.00", "birth_date": "2020-11-30", "address": "£adna 11b\r\nN/A", "availability": "Y", "qualifications": "asd", "photo": "employees/589f8866157a08f7137b5e2b9b1e4748e4a80d24.jpg"}}, {"model": "core.employee", "pk": 7, "fields": {"user": 8, "name": "Jan", "surname": "Sobieski", "phone": "+444888555", "email": "jansobieski@wieden.at", "role": "AD", "salary": "33355.00", "birth_date": "2020-11-30", "address": "pod wiedniem za lasem", "availability": "Y", "qualifications": "wszystkie", "photo": "employees/03acfe1d9c5f629b4d4e3ae3f3da03b0f1983dc9.jpg"}}, {"model": "core.post", "pk": 1, "fields": {"title": "Meeting for employees.", "content": "Meeting on 20.11 19:30.", "date_posted": "2020-11-19", "author": 5}}, {"model": "core.post", "pk": 2, "fields": {"title": "Delay", "content": "I will be late today.", "date_posted": "2020-11-18", "author": 3}}, {"model": "core.post", "pk": 3, "fields": {"title": "Merry Chrismas!", "content": "We wish you a Marry Christmas, and a happy New Year!\r\n\r\nPyfleet Management\r\n\r\nLorem ipsum dolor sit amet, consectetur adipiscing elit. Nunc consequat porta sem, id suscipit mauris pellentesque in. Vivamus dapibus est quis dolor viverra, eget luctus purus gravida. Vestibulum placerat nibh mi, non tempus sem ornare eget. Quisque volutpat, velit ac laoreet tempus, purus nibh efficitur purus, eu lacinia elit orci bibendum metus. Phasellus suscipit aliquam neque in faucibus. Integer vel odio convallis, euismod magna vehicula, dapibus leo. Curabitur a quam mauris.\r\n\r\nNam et sodales metus. Nunc in odio felis. Fusce fringilla ornare ante lacinia euismod. Fusce in mollis diam. Etiam efficitur consectetur purus, id hendrerit augue facilisis vel. Nullam viverra ipsum odio, a vestibulum nisi egestas quis. In et lobortis urna. Suspendisse eros ligula, tristique sed ex sed, interdum accumsan ex. Maecenas dolor massa, semper eget felis nec, molestie commodo metus. Curabitur vitae efficitur nunc. Donec sit amet metus sit amet sem mattis rhoncus nec at magna. Proin eget tempus arcu. Vestibulum rutrum tortor vel augue ultrices, et condimentum tortor congue. Nulla sit amet neque tincidunt, volutpat erat quis, vulputate elit. Sed ullamcorper dignissim nibh. Phasellus sem velit, suscipit nec turpis eget, mollis iaculis ligula.\r\n\r\nLorem ipsum dolor sit amet, consectetur adipiscing elit. Maecenas mollis orci orci. Ut luctus sagittis varius. Aliquam pellentesque dignissim ipsum quis feugiat. Suspendisse elementum lacus eget arcu bibendum, non elementum lectus placerat. Donec condimentum, dolor eu condimentum pellentesque, elit nunc pretium velit, non accumsan tortor augue quis nibh. Lorem ipsum dolor sit amet, consectetur adipiscing elit. Mauris in ornare purus. Sed viverra dignissim gravida. Etiam eleifend bibendum turpis et ultrices. Donec ut auctor erat. Proin molestie lorem eu turpis laoreet laoreet. Sed id nulla ligula. Aliquam pulvinar nulla ut neque dignissim, posuere congue urna vestibulum. Suspendisse potenti. Pellentesque eleifend, magna a iaculis faucibus, nisl augue sodales sapien, ullamcorper suscipit metus justo et ante. Suspendisse eu.", "date_posted": "2019-12-25", "author": 7}}, {"model": "core.post", "pk": 4, "fields": {"title": "Great job!", "content": "This month was the best in our company history. We would like to thank you all!\r\n\r\nPyfleet Management", "date_posted": "2020-11-01", "author": 6}}, {"model": "core.post", "pk": 5, "fields": {"title": "Bonus", "content": "For beeing the employee of the month three times a row Janusz Nowak got 750zl bonus!.\r\n\r\n\r\nLorem ipsum dolor sit amet, consectetur adipiscing elit. Nunc consequat porta sem, id suscipit mauris pellentesque in. Vivamus dapibus est quis dolor viverra, eget luctus purus gravida. Vestibulum placerat nibh mi, non tempus sem ornare eget. Quisque volutpat, velit ac laoreet tempus, purus nibh efficitur purus, eu lacinia elit orci bibendum metus. Phasellus suscipit aliquam neque in faucibus. Integer vel odio convallis, euismod magna vehicula, dapibus leo. Curabitur a quam mauris.\r\n\r\nNam et sodales metus. Nunc in odio felis. Fusce fringilla ornare ante lacinia euismod. Fusce in mollis diam. Etiam efficitur consectetur purus, id hendrerit augue facilisis vel. Nullam viverra ipsum odio, a vestibulum nisi egestas quis. In et lobortis urna. Suspendisse eros ligula, tristique sed ex sed, interdum accumsan ex. Maecenas dolor massa, semper eget felis nec, molestie commodo metus. Curabitur vitae efficitur nunc. Donec sit amet metus sit amet sem mattis rhoncus nec at magna. Proin eget tempus arcu. Vestibulum rutrum tortor vel augue ultrices, et condimentum tortor congue. Nulla sit amet neque tincidunt, volutpat erat quis, vulputate elit. Sed ullamcorper dignissim nibh. Phasellus sem velit, suscipit nec turpis eget, mollis iaculis ligula.\r\n\r\nLorem ipsum dolor sit amet, consectetur adipiscing elit. Maecenas mollis orci orci. Ut luctus sagittis varius. Aliquam pellentesque dignissim ipsum quis feugiat. Suspendisse elementum lacus eget arcu bibendum, non elementum lectus placerat. Donec condimentum, dolor eu condimentum pellentesque, elit nunc pretium velit, non accumsan tortor augue quis nibh. Lorem ipsum dolor sit amet, consectetur adipiscing elit. Mauris in ornare purus. Sed viverra dignissim gravida. Etiam eleifend bibendum turpis et ultrices. Donec ut auctor erat. Proin molestie lorem eu turpis laoreet laoreet. Sed id nulla ligula. Aliquam pulvinar nulla ut neque dignissim, posuere congue urna vestibulum. Suspendisse potenti. Pellentesque eleifend, magna a iaculis faucibus, nisl augue sodales sapien, ullamcorper suscipit metus justo et ante. Suspendisse eu.", "date_posted": "2019-01-19", "author": 5}}, {"model": "core.dailyroute", "pk": 1, "fields": {"distance": 320, "fuel_consumed": 75, "start": "Warszawa", "end": "Poznan", "date": "2020-10-29", "driver": 3, "truck": 2, "order": 3}}, {"model": "core.dailyroute", "pk": 2, "fields": {"distance": 340, "fuel_consumed": 85, "start": "Warszwa", "end": "Gdansk", "date": "2020-11-15", "driver": 4, "truck": 2, "order": 4}}, {"model": "core.dailyroute", "pk": 3, "fields": {"distance": 300, "fuel_consumed": 68, "start": "Warszawa", "end": "Krakow", "date": "2020-09-27", "driver": 4, "truck": 4, "order": 5}}, {"model": "core.dailyroute", "pk": 5, "fields": {"distance": 470, "fuel_consumed": 112, "start": "Lublin", "end": "Poznan", "date": "2020-11-19", "driver": 2, "truck": 5, "order": 2}}, {"model": "core.dailyroute", "pk": 6, "fields": {"distance": 455, "fuel_consumed": 20, "start": "Warszawa", "end": "Krasnik", "date": "2020-10-25", "driver": 3, "truck": 2, "order": 4}}, {"model": "core.dailyroute", "pk": 7, "fields": {"distance": 200, "fuel_consumed": 25, "start": "Wroclaw", "end": "Krakow", "date": "2020-09-30", "driver": 2, "truck": 6, "order": 3}}]